ID,ORDERTIME,STATUS,DELIVERYTIME,COUNT,SUBTOTAL
1,202511111259,1,202511111319,4,454.989990
2,202511111259,2,0,2,103.920006
3,202511111300,1,202511111317,2,139.330002
